"PEAKID","peakbias","phenotype"
"broadPeak_66","mat","WL"
"broadPeak_289","mat","WL"
"broadPeak_316","mat","WL"
"broadPeak_1448","mat","WL"
"broadPeak_2005","mat","WL"
"broadPeak_2064","mat","WL"
"broadPeak_2150","mat","WL"
"broadPeak_2178","mat","WL"
"broadPeak_2276","mat","WL"
"broadPeak_2378","mat","WL"
"broadPeak_2946","mat","WL"
"broadPeak_3282","mat","WL"
"broadPeak_3312","mat","WL"
"broadPeak_3402","mat","WL"
"broadPeak_3429","mat","WL"
"broadPeak_3770","mat","WL"
"broadPeak_3917","mat","WL"
"broadPeak_3945","mat","WL"
"broadPeak_4161","mat","WL"
"broadPeak_4168","mat","WL"
"broadPeak_4362","mat","WL"
"broadPeak_5166","mat","WL"
"broadPeak_5837","mat","WL"
"broadPeak_6079","mat","WL"
"broadPeak_6188","mat","WL"
"broadPeak_6571","mat","WL"
"broadPeak_6609","mat","WL"
"broadPeak_6804","mat","WL"
"broadPeak_6843","mat","WL"
"broadPeak_7001","mat","WL"
"broadPeak_7122","mat","WL"
"broadPeak_7214","mat","WL"
"broadPeak_7219","mat","WL"
"broadPeak_7440","mat","WL"
"broadPeak_7838","mat","WL"
"broadPeak_8013","mat","WL"
"broadPeak_8377","mat","WL"
"broadPeak_8381","mat","WL"
"broadPeak_8522","mat","WL"
"broadPeak_8536","mat","WL"
"broadPeak_8799","mat","WL"
"broadPeak_8912","mat","WL"
"broadPeak_8915","mat","WL"
"broadPeak_8924","mat","WL"
"broadPeak_8925","mat","WL"
"broadPeak_8977","mat","WL"
"broadPeak_9147","mat","WL"
"broadPeak_9441","mat","WL"
"broadPeak_9706","mat","WL"
"broadPeak_10243","mat","WL"
"broadPeak_10505","mat","WL"
"broadPeak_10510","mat","WL"
"broadPeak_10647","mat","WL"
"broadPeak_10690","mat","WL"
"broadPeak_12331","mat","WL"
"broadPeak_12358","mat","WL"
"broadPeak_12363","mat","WL"
"broadPeak_12420","mat","WL"
"broadPeak_12459","mat","WL"
"broadPeak_12577","mat","WL"
"broadPeak_12579","mat","WL"
"broadPeak_12585","mat","WL"
"broadPeak_12660","mat","WL"
"broadPeak_12729","mat","WL"
"broadPeak_12749","mat","WL"
"broadPeak_12774","mat","WL"
"broadPeak_12940","mat","WL"
"broadPeak_13103","mat","WL"
"broadPeak_13107","mat","WL"
"broadPeak_13235","mat","WL"
"broadPeak_13524","mat","WL"
"broadPeak_13561","mat","WL"
"broadPeak_13998","mat","WL"
"broadPeak_14106","mat","WL"
"broadPeak_14227","mat","WL"
"broadPeak_14243","mat","WL"
"broadPeak_14451","mat","WL"
"broadPeak_14529","mat","WL"
"broadPeak_14691","mat","WL"
"broadPeak_14707","mat","WL"
"broadPeak_14789","mat","WL"
"broadPeak_14842","mat","WL"
"broadPeak_14917","mat","WL"
"broadPeak_15112","mat","WL"
"broadPeak_15115","mat","WL"
"broadPeak_15155","mat","WL"
"broadPeak_15170","mat","WL"
"broadPeak_15293","mat","WL"
"broadPeak_15303","mat","WL"
"broadPeak_15382","mat","WL"
"broadPeak_15390","mat","WL"
"broadPeak_15846","mat","WL"
"broadPeak_16231","mat","WL"
"broadPeak_16235","mat","WL"
"broadPeak_17256","mat","WL"
"broadPeak_17257","mat","WL"
"broadPeak_17265","mat","WL"
"broadPeak_17325","mat","WL"
"broadPeak_17516","mat","WL"
"broadPeak_17555","mat","WL"
"broadPeak_18480","mat","WL"
"broadPeak_18585","mat","WL"
"broadPeak_19135","mat","WL"
"broadPeak_19138","mat","WL"
"broadPeak_19170","mat","WL"
"broadPeak_19171","mat","WL"
"broadPeak_19873","mat","WL"
"broadPeak_20022","mat","WL"
"broadPeak_20028","mat","WL"
"broadPeak_20060","mat","WL"
"broadPeak_20065","mat","WL"
"broadPeak_20080","mat","WL"
"broadPeak_20902","mat","WL"
"broadPeak_21144","mat","WL"
"broadPeak_21258","mat","WL"
"broadPeak_21262","mat","WL"
"broadPeak_21286","mat","WL"
"broadPeak_21334","mat","WL"
"broadPeak_22135","mat","WL"
"broadPeak_22150","mat","WL"
"broadPeak_22327","mat","WL"
"broadPeak_22626","mat","WL"
"broadPeak_22697","mat","WL"
"broadPeak_22703","mat","WL"
"broadPeak_23397","mat","WL"
"broadPeak_23412","mat","WL"
"broadPeak_23441","mat","WL"
"broadPeak_23488","mat","WL"
"broadPeak_23494","mat","WL"
"broadPeak_23613","mat","WL"
"broadPeak_23635","mat","WL"
"broadPeak_23637","mat","WL"
"broadPeak_23649","mat","WL"
"broadPeak_23655","mat","WL"
"broadPeak_23663","mat","WL"
"broadPeak_23665","mat","WL"
"broadPeak_23666","mat","WL"
"broadPeak_23996","mat","WL"
"broadPeak_24090","mat","WL"
"broadPeak_24102","mat","WL"
"broadPeak_24103","mat","WL"
"broadPeak_24406","mat","WL"
"broadPeak_24415","mat","WL"
"broadPeak_24647","mat","WL"
"broadPeak_24903","mat","WL"
"broadPeak_24908","mat","WL"
"broadPeak_24918","mat","WL"
"broadPeak_25229","mat","WL"
"broadPeak_25232","mat","WL"
"broadPeak_25255","mat","WL"
"broadPeak_25256","mat","WL"
"broadPeak_25861","mat","WL"
"broadPeak_25866","mat","WL"
"broadPeak_25877","mat","WL"
"broadPeak_26153","mat","WL"
"broadPeak_26791","mat","WL"
"broadPeak_26812","mat","WL"
"broadPeak_26818","mat","WL"
"broadPeak_26836","mat","WL"
"broadPeak_26884","mat","WL"
"broadPeak_26940","mat","WL"
"broadPeak_27160","mat","WL"
"broadPeak_27206","mat","WL"
"broadPeak_27429","mat","WL"
"broadPeak_27861","mat","WL"
"broadPeak_27870","mat","WL"
"broadPeak_27873","mat","WL"
"broadPeak_27885","mat","WL"
"broadPeak_27943","mat","WL"
"broadPeak_28090","mat","WL"
"broadPeak_28116","mat","WL"
"broadPeak_28182","mat","WL"
"broadPeak_28952","mat","WL"
"broadPeak_28977","mat","WL"
"broadPeak_29102","mat","WL"
"broadPeak_29256","mat","WL"
"broadPeak_29292","mat","WL"
"broadPeak_29351","mat","WL"
"broadPeak_29354","mat","WL"
"broadPeak_29355","mat","WL"
"broadPeak_29402","mat","WL"
"broadPeak_29700","mat","WL"
"broadPeak_29800","mat","WL"
"broadPeak_29826","mat","WL"
"broadPeak_30077","mat","WL"
"broadPeak_30091","mat","WL"
"broadPeak_30092","mat","WL"
"broadPeak_30094","mat","WL"
"broadPeak_30103","mat","WL"
"broadPeak_30891","mat","WL"
"broadPeak_31019","mat","WL"
"broadPeak_31140","mat","WL"
"broadPeak_31173","mat","WL"
"broadPeak_31177","mat","WL"
"broadPeak_31223","mat","WL"
"broadPeak_31225","mat","WL"
"broadPeak_31231","mat","WL"
"broadPeak_31414","mat","WL"
"broadPeak_31420","mat","WL"
"broadPeak_31433","mat","WL"
"broadPeak_31467","mat","WL"
"broadPeak_31655","mat","WL"
"broadPeak_31921","mat","WL"
"broadPeak_32048","mat","WL"
"broadPeak_32049","mat","WL"
"broadPeak_33010","mat","WL"
"broadPeak_33030","mat","WL"
"broadPeak_34023","mat","WL"
"broadPeak_34172","mat","WL"
"broadPeak_34193","mat","WL"
"broadPeak_34293","mat","WL"
"broadPeak_34299","mat","WL"
"broadPeak_34300","mat","WL"
"broadPeak_34302","mat","WL"
"broadPeak_34389","mat","WL"
"broadPeak_34447","mat","WL"
"broadPeak_34455","mat","WL"
"broadPeak_34460","mat","WL"
"broadPeak_34466","mat","WL"
"broadPeak_35313","mat","WL"
"broadPeak_35430","mat","WL"
"broadPeak_35451","mat","WL"
"broadPeak_35473","mat","WL"
"broadPeak_36235","mat","WL"
"broadPeak_36323","mat","WL"
"broadPeak_36324","mat","WL"
"broadPeak_36325","mat","WL"
"broadPeak_36333","mat","WL"
"broadPeak_36340","mat","WL"
"broadPeak_36372","mat","WL"
"broadPeak_36391","mat","WL"
"broadPeak_36447","mat","WL"
"broadPeak_36514","mat","WL"
"broadPeak_36534","mat","WL"
"broadPeak_36536","mat","WL"
"broadPeak_36537","mat","WL"
"broadPeak_36676","mat","WL"
"broadPeak_36677","mat","WL"
"broadPeak_36967","mat","WL"
"broadPeak_36970","mat","WL"
"broadPeak_37022","mat","WL"
"broadPeak_37173","mat","WL"
"broadPeak_37242","mat","WL"
"broadPeak_37536","mat","WL"
"broadPeak_37760","mat","WL"
"broadPeak_37765","mat","WL"
"broadPeak_37775","mat","WL"
"broadPeak_38314","mat","WL"
"broadPeak_38490","mat","WL"
"broadPeak_38559","mat","WL"
"broadPeak_38804","mat","WL"
"broadPeak_38817","mat","WL"
"broadPeak_38894","mat","WL"
"broadPeak_38895","mat","WL"
"broadPeak_39450","mat","WL"
"broadPeak_39544","mat","WL"
"broadPeak_39551","mat","WL"
"broadPeak_39556","mat","WL"
"broadPeak_39598","mat","WL"
"broadPeak_39629","mat","WL"
"broadPeak_39822","mat","WL"
"broadPeak_39830","mat","WL"
"broadPeak_40184","mat","WL"
"broadPeak_40191","mat","WL"
"broadPeak_40253","mat","WL"
"broadPeak_40277","mat","WL"
"broadPeak_40570","mat","WL"
"broadPeak_41163","mat","WL"
"broadPeak_41231","mat","WL"
"broadPeak_41232","mat","WL"
"broadPeak_41455","mat","WL"
"broadPeak_41546","mat","WL"
"broadPeak_41626","mat","WL"
"broadPeak_41692","mat","WL"
"broadPeak_41727","mat","WL"
"broadPeak_41796","mat","WL"
"broadPeak_42077","mat","WL"
"broadPeak_42119","mat","WL"
"broadPeak_42368","mat","WL"
"broadPeak_42396","mat","WL"
"broadPeak_42610","mat","WL"
"broadPeak_42795","mat","WL"
"broadPeak_43127","mat","WL"
"broadPeak_43388","mat","WL"
"broadPeak_43389","mat","WL"
"broadPeak_43448","mat","WL"
"broadPeak_43513","mat","WL"
"broadPeak_43518","mat","WL"
"broadPeak_43576","mat","WL"
"broadPeak_43785","mat","WL"
"broadPeak_43807","mat","WL"
"broadPeak_43965","mat","WL"
"broadPeak_44105","mat","WL"
"broadPeak_44106","mat","WL"
"broadPeak_44153","mat","WL"
"broadPeak_44154","mat","WL"
"broadPeak_44407","mat","WL"
"broadPeak_45265","mat","WL"
"broadPeak_45460","mat","WL"
"broadPeak_45481","mat","WL"
"broadPeak_2366","mat","QL"
"broadPeak_2740","mat","QL"
"broadPeak_2751","mat","QL"
"broadPeak_3472","mat","QL"
"broadPeak_3624","mat","QL"
"broadPeak_5094","mat","QL"
"broadPeak_5100","mat","QL"
"broadPeak_5118","mat","QL"
"broadPeak_5122","mat","QL"
"broadPeak_5307","mat","QL"
"broadPeak_5371","mat","QL"
"broadPeak_5531","mat","QL"
"broadPeak_5625","mat","QL"
"broadPeak_6834","mat","QL"
"broadPeak_7217","mat","QL"
"broadPeak_7246","mat","QL"
"broadPeak_8109","mat","QL"
"broadPeak_8436","mat","QL"
"broadPeak_8732","mat","QL"
"broadPeak_8737","mat","QL"
"broadPeak_8846","mat","QL"
"broadPeak_9632","mat","QL"
"broadPeak_9744","mat","QL"
"broadPeak_10563","mat","QL"
"broadPeak_12491","mat","QL"
"broadPeak_13000","mat","QL"
"broadPeak_13470","mat","QL"
"broadPeak_14129","mat","QL"
"broadPeak_14416","mat","QL"
"broadPeak_14756","mat","QL"
"broadPeak_14879","mat","QL"
"broadPeak_15241","mat","QL"
"broadPeak_15298","mat","QL"
"broadPeak_15460","mat","QL"
"broadPeak_15752","mat","QL"
"broadPeak_16610","mat","QL"
"broadPeak_18091","mat","QL"
"broadPeak_18260","mat","QL"
"broadPeak_18365","mat","QL"
"broadPeak_18380","mat","QL"
"broadPeak_18390","mat","QL"
"broadPeak_19268","mat","QL"
"broadPeak_19378","mat","QL"
"broadPeak_19578","mat","QL"
"broadPeak_19591","mat","QL"
"broadPeak_20554","mat","QL"
"broadPeak_20576","mat","QL"
"broadPeak_20770","mat","QL"
"broadPeak_21162","mat","QL"
"broadPeak_22544","mat","QL"
"broadPeak_22658","mat","QL"
"broadPeak_22702","mat","QL"
"broadPeak_23961","mat","QL"
"broadPeak_24106","mat","QL"
"broadPeak_25474","mat","QL"
"broadPeak_25475","mat","QL"
"broadPeak_26499","mat","QL"
"broadPeak_26936","mat","QL"
"broadPeak_26937","mat","QL"
"broadPeak_27003","mat","QL"
"broadPeak_27161","mat","QL"
"broadPeak_27638","mat","QL"
"broadPeak_27640","mat","QL"
"broadPeak_27657","mat","QL"
"broadPeak_27674","mat","QL"
"broadPeak_27677","mat","QL"
"broadPeak_27866","mat","QL"
"broadPeak_27877","mat","QL"
"broadPeak_27922","mat","QL"
"broadPeak_28355","mat","QL"
"broadPeak_28376","mat","QL"
"broadPeak_28389","mat","QL"
"broadPeak_28392","mat","QL"
"broadPeak_28402","mat","QL"
"broadPeak_28403","mat","QL"
"broadPeak_28406","mat","QL"
"broadPeak_28407","mat","QL"
"broadPeak_28442","mat","QL"
"broadPeak_28457","mat","QL"
"broadPeak_28506","mat","QL"
"broadPeak_28606","mat","QL"
"broadPeak_28638","mat","QL"
"broadPeak_28798","mat","QL"
"broadPeak_28948","mat","QL"
"broadPeak_29476","mat","QL"
"broadPeak_29750","mat","QL"
"broadPeak_31107","mat","QL"
"broadPeak_31120","mat","QL"
"broadPeak_32025","mat","QL"
"broadPeak_32115","mat","QL"
"broadPeak_32118","mat","QL"
"broadPeak_32268","mat","QL"
"broadPeak_32269","mat","QL"
"broadPeak_32959","mat","QL"
"broadPeak_34224","mat","QL"
"broadPeak_34250","mat","QL"
"broadPeak_34368","mat","QL"
"broadPeak_34451","mat","QL"
"broadPeak_34490","mat","QL"
"broadPeak_35214","mat","QL"
"broadPeak_35319","mat","QL"
"broadPeak_35361","mat","QL"
"broadPeak_35432","mat","QL"
"broadPeak_36053","mat","QL"
"broadPeak_36277","mat","QL"
"broadPeak_36450","mat","QL"
"broadPeak_37344","mat","QL"
"broadPeak_37459","mat","QL"
"broadPeak_37511","mat","QL"
"narrowPeak_30626","mat","QL"
"narrowPeak_30628","mat","QL"
"narrowPeak_30742","mat","QL"
"broadPeak_37873","mat","QL"
"broadPeak_37894","mat","QL"
"narrowPeak_31083","mat","QL"
"broadPeak_38039","mat","QL"
"broadPeak_38087","mat","QL"
"narrowPeak_31298","mat","QL"
"narrowPeak_31510","mat","QL"
"narrowPeak_32641","mat","QL"
"narrowPeak_32653","mat","QL"
"narrowPeak_32659","mat","QL"
"narrowPeak_32983","mat","QL"
"broadPeak_40366","mat","QL"
"narrowPeak_33178","mat","QL"
"broadPeak_41181","mat","QL"
"broadPeak_41315","mat","QL"
"narrowPeak_33823","mat","QL"
"narrowPeak_34104","mat","QL"
"broadPeak_41610","mat","QL"
"narrowPeak_34116","mat","QL"
"narrowPeak_34175","mat","QL"
"broadPeak_41670","mat","QL"
"broadPeak_43929","mat","QL"
"broadPeak_43999","mat","QL"
"broadPeak_44130","mat","QL"
"narrowPeak_35989","mat","QL"
"narrowPeak_35990","mat","QL"
"broadPeak_44167","mat","QL"
"broadPeak_44173","mat","QL"
"broadPeak_44178","mat","QL"
"narrowPeak_35993","mat","QL"
"broadPeak_44324","mat","QL"
"broadPeak_45028","mat","QL"
"broadPeak_45138","mat","QL"
"narrowPeak_36919","mat","QL"
"broadPeak_45258","mat","QL"
"broadPeak_45563","mat","QL"
"broadPeak_46209","mat","QL"
"broadPeak_46725","mat","QL"
"narrowPeak_39319","mat","QL"
"broadPeak_46792","mat","QL"
"narrowPeak_39462","mat","QL"
"narrowPeak_39480","mat","QL"
"broadPeak_47047","mat","QL"
"broadPeak_49788","mat","QL"
"broadPeak_50120","mat","QL"
"broadPeak_50142","mat","QL"
"broadPeak_50171","mat","QL"
"narrowPeak_41816","mat","QL"
"broadPeak_50264","mat","QL"
"narrowPeak_41910","mat","QL"
"narrowPeak_42408","mat","QL"
"narrowPeak_42842","mat","QL"
"broadPeak_50944","mat","QL"
"narrowPeak_42878","mat","QL"
"broadPeak_52198","mat","QL"
"broadPeak_52207","mat","QL"
"broadPeak_52413","mat","QL"
"narrowPeak_44084","mat","QL"
"broadPeak_53029","mat","QL"
"broadPeak_53030","mat","QL"
"broadPeak_53678","mat","QL"
"broadPeak_250","pat","WL"
"broadPeak_441","pat","WL"
"broadPeak_563","pat","WL"
"broadPeak_630","pat","WL"
"broadPeak_645","pat","WL"
"broadPeak_647","pat","WL"
"broadPeak_651","pat","WL"
"broadPeak_695","pat","WL"
"broadPeak_700","pat","WL"
"broadPeak_710","pat","WL"
"broadPeak_730","pat","WL"
"broadPeak_858","pat","WL"
"broadPeak_1377","pat","WL"
"broadPeak_1625","pat","WL"
"broadPeak_1721","pat","WL"
"broadPeak_1722","pat","WL"
"broadPeak_1729","pat","WL"
"broadPeak_1748","pat","WL"
"broadPeak_1844","pat","WL"
"broadPeak_1845","pat","WL"
"broadPeak_1848","pat","WL"
"broadPeak_1853","pat","WL"
"broadPeak_2029","pat","WL"
"broadPeak_2120","pat","WL"
"broadPeak_2355","pat","WL"
"broadPeak_2399","pat","WL"
"broadPeak_2750","pat","WL"
"broadPeak_3370","pat","WL"
"broadPeak_3585","pat","WL"
"broadPeak_3586","pat","WL"
"broadPeak_3724","pat","WL"
"broadPeak_3731","pat","WL"
"broadPeak_3882","pat","WL"
"broadPeak_3951","pat","WL"
"broadPeak_4002","pat","WL"
"broadPeak_4020","pat","WL"
"broadPeak_4041","pat","WL"
"broadPeak_4299","pat","WL"
"broadPeak_4633","pat","WL"
"broadPeak_4634","pat","WL"
"broadPeak_4686","pat","WL"
"broadPeak_4746","pat","WL"
"broadPeak_4804","pat","WL"
"broadPeak_4807","pat","WL"
"broadPeak_4837","pat","WL"
"broadPeak_5057","pat","WL"
"broadPeak_5064","pat","WL"
"broadPeak_5074","pat","WL"
"broadPeak_5126","pat","WL"
"broadPeak_5127","pat","WL"
"broadPeak_5283","pat","WL"
"broadPeak_5286","pat","WL"
"broadPeak_5588","pat","WL"
"broadPeak_5701","pat","WL"
"broadPeak_5703","pat","WL"
"broadPeak_5754","pat","WL"
"broadPeak_5855","pat","WL"
"broadPeak_5885","pat","WL"
"broadPeak_5887","pat","WL"
"broadPeak_5890","pat","WL"
"broadPeak_6346","pat","WL"
"broadPeak_6356","pat","WL"
"broadPeak_6480","pat","WL"
"broadPeak_6502","pat","WL"
"broadPeak_6590","pat","WL"
"broadPeak_6897","pat","WL"
"broadPeak_6902","pat","WL"
"broadPeak_6905","pat","WL"
"broadPeak_7494","pat","WL"
"broadPeak_7498","pat","WL"
"broadPeak_7502","pat","WL"
"broadPeak_7503","pat","WL"
"broadPeak_7512","pat","WL"
"broadPeak_7513","pat","WL"
"broadPeak_7611","pat","WL"
"broadPeak_7612","pat","WL"
"broadPeak_7647","pat","WL"
"broadPeak_7985","pat","WL"
"broadPeak_8166","pat","WL"
"broadPeak_8179","pat","WL"
"broadPeak_8180","pat","WL"
"broadPeak_8185","pat","WL"
"broadPeak_8219","pat","WL"
"broadPeak_8271","pat","WL"
"broadPeak_8445","pat","WL"
"broadPeak_8451","pat","WL"
"broadPeak_8499","pat","WL"
"broadPeak_8614","pat","WL"
"broadPeak_8623","pat","WL"
"broadPeak_8806","pat","WL"
"broadPeak_8816","pat","WL"
"broadPeak_8830","pat","WL"
"broadPeak_8883","pat","WL"
"broadPeak_8896","pat","WL"
"broadPeak_8984","pat","WL"
"broadPeak_8985","pat","WL"
"broadPeak_9314","pat","WL"
"broadPeak_9368","pat","WL"
"broadPeak_9422","pat","WL"
"broadPeak_9432","pat","WL"
"broadPeak_9492","pat","WL"
"broadPeak_9890","pat","WL"
"broadPeak_10032","pat","WL"
"broadPeak_10079","pat","WL"
"broadPeak_10194","pat","WL"
"broadPeak_10288","pat","WL"
"broadPeak_10396","pat","WL"
"broadPeak_10401","pat","WL"
"broadPeak_10435","pat","WL"
"broadPeak_10452","pat","WL"
"broadPeak_10579","pat","WL"
"broadPeak_10952","pat","WL"
"broadPeak_11154","pat","WL"
"broadPeak_11181","pat","WL"
"broadPeak_11288","pat","WL"
"broadPeak_11293","pat","WL"
"broadPeak_11425","pat","WL"
"broadPeak_11434","pat","WL"
"broadPeak_11532","pat","WL"
"broadPeak_11534","pat","WL"
"broadPeak_11541","pat","WL"
"broadPeak_11542","pat","WL"
"broadPeak_11568","pat","WL"
"broadPeak_11585","pat","WL"
"broadPeak_11599","pat","WL"
"broadPeak_11612","pat","WL"
"broadPeak_11759","pat","WL"
"broadPeak_12171","pat","WL"
"broadPeak_12643","pat","WL"
"broadPeak_12692","pat","WL"
"broadPeak_12871","pat","WL"
"broadPeak_12873","pat","WL"
"broadPeak_12876","pat","WL"
"broadPeak_12877","pat","WL"
"broadPeak_13225","pat","WL"
"broadPeak_13321","pat","WL"
"broadPeak_13338","pat","WL"
"broadPeak_13423","pat","WL"
"broadPeak_13470","pat","WL"
"broadPeak_13515","pat","WL"
"broadPeak_13603","pat","WL"
"broadPeak_13793","pat","WL"
"broadPeak_13797","pat","WL"
"broadPeak_13876","pat","WL"
"broadPeak_14398","pat","WL"
"broadPeak_14473","pat","WL"
"broadPeak_14706","pat","WL"
"broadPeak_15098","pat","WL"
"broadPeak_15271","pat","WL"
"broadPeak_15300","pat","WL"
"broadPeak_15712","pat","WL"
"broadPeak_15731","pat","WL"
"broadPeak_15741","pat","WL"
"broadPeak_16140","pat","WL"
"broadPeak_16179","pat","WL"
"broadPeak_16188","pat","WL"
"broadPeak_16189","pat","WL"
"broadPeak_16222","pat","WL"
"broadPeak_16282","pat","WL"
"broadPeak_16572","pat","WL"
"broadPeak_16690","pat","WL"
"broadPeak_16693","pat","WL"
"broadPeak_16694","pat","WL"
"broadPeak_16718","pat","WL"
"broadPeak_16734","pat","WL"
"broadPeak_16913","pat","WL"
"broadPeak_17197","pat","WL"
"broadPeak_17600","pat","WL"
"broadPeak_17632","pat","WL"
"broadPeak_17633","pat","WL"
"broadPeak_17637","pat","WL"
"broadPeak_17651","pat","WL"
"broadPeak_17654","pat","WL"
"broadPeak_17661","pat","WL"
"broadPeak_17662","pat","WL"
"broadPeak_17663","pat","WL"
"broadPeak_17696","pat","WL"
"broadPeak_17763","pat","WL"
"broadPeak_17943","pat","WL"
"broadPeak_17956","pat","WL"
"broadPeak_17958","pat","WL"
"broadPeak_17959","pat","WL"
"broadPeak_17960","pat","WL"
"broadPeak_17961","pat","WL"
"broadPeak_18357","pat","WL"
"broadPeak_18372","pat","WL"
"broadPeak_18429","pat","WL"
"broadPeak_18552","pat","WL"
"broadPeak_18567","pat","WL"
"broadPeak_18570","pat","WL"
"broadPeak_18590","pat","WL"
"broadPeak_18689","pat","WL"
"broadPeak_18764","pat","WL"
"broadPeak_18848","pat","WL"
"broadPeak_19099","pat","WL"
"broadPeak_19115","pat","WL"
"broadPeak_19436","pat","WL"
"broadPeak_19437","pat","WL"
"broadPeak_19445","pat","WL"
"broadPeak_19449","pat","WL"
"broadPeak_19637","pat","WL"
"broadPeak_19664","pat","WL"
"broadPeak_19917","pat","WL"
"broadPeak_20105","pat","WL"
"broadPeak_20116","pat","WL"
"broadPeak_20421","pat","WL"
"broadPeak_20435","pat","WL"
"broadPeak_20439","pat","WL"
"broadPeak_20585","pat","WL"
"broadPeak_20589","pat","WL"
"broadPeak_20591","pat","WL"
"broadPeak_20593","pat","WL"
"broadPeak_20595","pat","WL"
"broadPeak_20698","pat","WL"
"broadPeak_20699","pat","WL"
"broadPeak_20782","pat","WL"
"broadPeak_20834","pat","WL"
"broadPeak_21135","pat","WL"
"broadPeak_21139","pat","WL"
"broadPeak_21157","pat","WL"
"broadPeak_21474","pat","WL"
"broadPeak_21537","pat","WL"
"broadPeak_21588","pat","WL"
"broadPeak_21662","pat","WL"
"broadPeak_21807","pat","WL"
"broadPeak_21873","pat","WL"
"broadPeak_21995","pat","WL"
"broadPeak_22055","pat","WL"
"broadPeak_22217","pat","WL"
"broadPeak_22232","pat","WL"
"broadPeak_22605","pat","WL"
"broadPeak_22758","pat","WL"
"broadPeak_22851","pat","WL"
"broadPeak_23133","pat","WL"
"broadPeak_23243","pat","WL"
"broadPeak_23409","pat","WL"
"broadPeak_23423","pat","WL"
"broadPeak_23424","pat","WL"
"broadPeak_23695","pat","WL"
"broadPeak_23837","pat","WL"
"broadPeak_23839","pat","WL"
"broadPeak_23854","pat","WL"
"broadPeak_23976","pat","WL"
"broadPeak_24094","pat","WL"
"broadPeak_24190","pat","WL"
"broadPeak_24196","pat","WL"
"broadPeak_24425","pat","WL"
"broadPeak_24597","pat","WL"
"broadPeak_24640","pat","WL"
"broadPeak_24686","pat","WL"
"broadPeak_24879","pat","WL"
"broadPeak_24925","pat","WL"
"broadPeak_25022","pat","WL"
"broadPeak_25456","pat","WL"
"broadPeak_26005","pat","WL"
"broadPeak_26273","pat","WL"
"broadPeak_26309","pat","WL"
"broadPeak_26575","pat","WL"
"broadPeak_26576","pat","WL"
"broadPeak_27356","pat","WL"
"broadPeak_27597","pat","WL"
"broadPeak_28016","pat","WL"
"broadPeak_28265","pat","WL"
"broadPeak_28664","pat","WL"
"broadPeak_28668","pat","WL"
"broadPeak_28711","pat","WL"
"broadPeak_28718","pat","WL"
"broadPeak_28852","pat","WL"
"broadPeak_28906","pat","WL"
"broadPeak_28938","pat","WL"
"broadPeak_28939","pat","WL"
"broadPeak_28949","pat","WL"
"broadPeak_29176","pat","WL"
"broadPeak_29181","pat","WL"
"broadPeak_29182","pat","WL"
"broadPeak_29185","pat","WL"
"broadPeak_29219","pat","WL"
"broadPeak_29242","pat","WL"
"broadPeak_29295","pat","WL"
"broadPeak_29299","pat","WL"
"broadPeak_29311","pat","WL"
"broadPeak_29517","pat","WL"
"broadPeak_29534","pat","WL"
"broadPeak_29556","pat","WL"
"broadPeak_30469","pat","WL"
"broadPeak_30470","pat","WL"
"broadPeak_30676","pat","WL"
"broadPeak_30683","pat","WL"
"broadPeak_30689","pat","WL"
"broadPeak_31198","pat","WL"
"broadPeak_31389","pat","WL"
"broadPeak_31390","pat","WL"
"broadPeak_31526","pat","WL"
"broadPeak_31541","pat","WL"
"broadPeak_31824","pat","WL"
"broadPeak_31908","pat","WL"
"broadPeak_32076","pat","WL"
"broadPeak_32129","pat","WL"
"broadPeak_32216","pat","WL"
"broadPeak_32236","pat","WL"
"broadPeak_32374","pat","WL"
"broadPeak_32490","pat","WL"
"broadPeak_32620","pat","WL"
"broadPeak_32644","pat","WL"
"broadPeak_32649","pat","WL"
"broadPeak_32659","pat","WL"
"broadPeak_32874","pat","WL"
"broadPeak_33070","pat","WL"
"broadPeak_33427","pat","WL"
"broadPeak_33524","pat","WL"
"broadPeak_33652","pat","WL"
"broadPeak_33851","pat","WL"
"broadPeak_33969","pat","WL"
"broadPeak_33978","pat","WL"
"broadPeak_34011","pat","WL"
"broadPeak_34032","pat","WL"
"broadPeak_34035","pat","WL"
"broadPeak_34618","pat","WL"
"broadPeak_34623","pat","WL"
"broadPeak_34677","pat","WL"
"broadPeak_34702","pat","WL"
"broadPeak_34703","pat","WL"
"broadPeak_34705","pat","WL"
"broadPeak_34708","pat","WL"
"broadPeak_35217","pat","WL"
"broadPeak_35236","pat","WL"
"broadPeak_35339","pat","WL"
"broadPeak_35386","pat","WL"
"broadPeak_35387","pat","WL"
"broadPeak_35389","pat","WL"
"broadPeak_35390","pat","WL"
"broadPeak_35744","pat","WL"
"broadPeak_35822","pat","WL"
"broadPeak_36448","pat","WL"
"broadPeak_36557","pat","WL"
"broadPeak_36785","pat","WL"
"broadPeak_36908","pat","WL"
"broadPeak_37070","pat","WL"
"broadPeak_37332","pat","WL"
"broadPeak_37369","pat","WL"
"broadPeak_37462","pat","WL"
"broadPeak_37463","pat","WL"
"broadPeak_37665","pat","WL"
"broadPeak_37779","pat","WL"
"broadPeak_37799","pat","WL"
"broadPeak_37997","pat","WL"
"broadPeak_38138","pat","WL"
"broadPeak_38142","pat","WL"
"broadPeak_38186","pat","WL"
"broadPeak_38211","pat","WL"
"broadPeak_38618","pat","WL"
"broadPeak_38664","pat","WL"
"broadPeak_38685","pat","WL"
"broadPeak_38697","pat","WL"
"broadPeak_38760","pat","WL"
"broadPeak_38798","pat","WL"
"broadPeak_39042","pat","WL"
"broadPeak_39281","pat","WL"
"broadPeak_39282","pat","WL"
"broadPeak_39306","pat","WL"
"broadPeak_39321","pat","WL"
"broadPeak_39336","pat","WL"
"broadPeak_39390","pat","WL"
"broadPeak_39427","pat","WL"
"broadPeak_39497","pat","WL"
"broadPeak_39519","pat","WL"
"broadPeak_39528","pat","WL"
"broadPeak_40146","pat","WL"
"broadPeak_40305","pat","WL"
"broadPeak_40488","pat","WL"
"broadPeak_40494","pat","WL"
"broadPeak_40581","pat","WL"
"broadPeak_40612","pat","WL"
"broadPeak_40645","pat","WL"
"broadPeak_40697","pat","WL"
"broadPeak_40702","pat","WL"
"broadPeak_40714","pat","WL"
"broadPeak_40716","pat","WL"
"broadPeak_40737","pat","WL"
"broadPeak_40780","pat","WL"
"broadPeak_40830","pat","WL"
"broadPeak_40834","pat","WL"
"broadPeak_40933","pat","WL"
"broadPeak_40934","pat","WL"
"broadPeak_40938","pat","WL"
"broadPeak_40944","pat","WL"
"broadPeak_40985","pat","WL"
"broadPeak_41084","pat","WL"
"broadPeak_41288","pat","WL"
"broadPeak_41292","pat","WL"
"broadPeak_41313","pat","WL"
"broadPeak_41317","pat","WL"
"broadPeak_41330","pat","WL"
"broadPeak_41331","pat","WL"
"broadPeak_41410","pat","WL"
"broadPeak_41652","pat","WL"
"broadPeak_41682","pat","WL"
"broadPeak_41998","pat","WL"
"broadPeak_42471","pat","WL"
"broadPeak_42579","pat","WL"
"broadPeak_42615","pat","WL"
"broadPeak_42721","pat","WL"
"broadPeak_42883","pat","WL"
"broadPeak_42961","pat","WL"
"broadPeak_43004","pat","WL"
"broadPeak_43027","pat","WL"
"broadPeak_43041","pat","WL"
"broadPeak_43078","pat","WL"
"broadPeak_43171","pat","WL"
"broadPeak_43178","pat","WL"
"broadPeak_43268","pat","WL"
"broadPeak_43282","pat","WL"
"broadPeak_43416","pat","WL"
"broadPeak_43720","pat","WL"
"broadPeak_43761","pat","WL"
"broadPeak_43781","pat","WL"
"broadPeak_43798","pat","WL"
"broadPeak_43883","pat","WL"
"broadPeak_44059","pat","WL"
"broadPeak_44161","pat","WL"
"broadPeak_44429","pat","WL"
"broadPeak_44768","pat","WL"
"broadPeak_45129","pat","WL"
"broadPeak_45372","pat","WL"
"broadPeak_45492","pat","WL"
"broadPeak_58","pat","QL"
"broadPeak_71","pat","QL"
"broadPeak_222","pat","QL"
"broadPeak_665","pat","QL"
"broadPeak_671","pat","QL"
"broadPeak_679","pat","QL"
"broadPeak_770","pat","QL"
"broadPeak_830","pat","QL"
"broadPeak_869","pat","QL"
"broadPeak_972","pat","QL"
"broadPeak_979","pat","QL"
"broadPeak_981","pat","QL"
"broadPeak_985","pat","QL"
"broadPeak_1015","pat","QL"
"broadPeak_1020","pat","QL"
"broadPeak_1144","pat","QL"
"broadPeak_1212","pat","QL"
"broadPeak_1381","pat","QL"
"broadPeak_1451","pat","QL"
"broadPeak_1462","pat","QL"
"broadPeak_1533","pat","QL"
"broadPeak_1611","pat","QL"
"broadPeak_1620","pat","QL"
"broadPeak_1712","pat","QL"
"broadPeak_1736","pat","QL"
"broadPeak_1762","pat","QL"
"broadPeak_1777","pat","QL"
"broadPeak_1784","pat","QL"
"broadPeak_1794","pat","QL"
"broadPeak_1821","pat","QL"
"broadPeak_1829","pat","QL"
"broadPeak_1833","pat","QL"
"broadPeak_1838","pat","QL"
"broadPeak_1844","pat","QL"
"broadPeak_1848","pat","QL"
"broadPeak_1853","pat","QL"
"broadPeak_1866","pat","QL"
"broadPeak_1871","pat","QL"
"broadPeak_1937","pat","QL"
"broadPeak_1941","pat","QL"
"broadPeak_1954","pat","QL"
"broadPeak_1956","pat","QL"
"broadPeak_2026","pat","QL"
"broadPeak_2051","pat","QL"
"broadPeak_2057","pat","QL"
"broadPeak_2062","pat","QL"
"broadPeak_2063","pat","QL"
"broadPeak_2080","pat","QL"
"broadPeak_2098","pat","QL"
"broadPeak_2101","pat","QL"
"broadPeak_2178","pat","QL"
"broadPeak_2252","pat","QL"
"broadPeak_2255","pat","QL"
"broadPeak_2256","pat","QL"
"broadPeak_2262","pat","QL"
"broadPeak_2292","pat","QL"
"broadPeak_2297","pat","QL"
"broadPeak_2382","pat","QL"
"broadPeak_2385","pat","QL"
"broadPeak_2392","pat","QL"
"broadPeak_2393","pat","QL"
"broadPeak_2402","pat","QL"
"broadPeak_2422","pat","QL"
"broadPeak_2551","pat","QL"
"broadPeak_2569","pat","QL"
"broadPeak_2600","pat","QL"
"broadPeak_2804","pat","QL"
"broadPeak_2831","pat","QL"
"broadPeak_2839","pat","QL"
"broadPeak_2878","pat","QL"
"broadPeak_2897","pat","QL"
"broadPeak_3813","pat","QL"
"broadPeak_3904","pat","QL"
"broadPeak_3989","pat","QL"
"broadPeak_4149","pat","QL"
"broadPeak_4161","pat","QL"
"broadPeak_4175","pat","QL"
"broadPeak_4201","pat","QL"
"broadPeak_4432","pat","QL"
"broadPeak_4496","pat","QL"
"broadPeak_4499","pat","QL"
"broadPeak_4502","pat","QL"
"broadPeak_4581","pat","QL"
"broadPeak_4583","pat","QL"
"broadPeak_4584","pat","QL"
"broadPeak_4598","pat","QL"
"broadPeak_4624","pat","QL"
"broadPeak_4651","pat","QL"
"broadPeak_4794","pat","QL"
"broadPeak_4818","pat","QL"
"broadPeak_4850","pat","QL"
"broadPeak_4852","pat","QL"
"broadPeak_4866","pat","QL"
"broadPeak_4885","pat","QL"
"broadPeak_4889","pat","QL"
"broadPeak_4927","pat","QL"
"broadPeak_4935","pat","QL"
"broadPeak_4937","pat","QL"
"broadPeak_4961","pat","QL"
"broadPeak_4962","pat","QL"
"broadPeak_5626","pat","QL"
"broadPeak_5708","pat","QL"
"broadPeak_5713","pat","QL"
"broadPeak_5714","pat","QL"
"broadPeak_5715","pat","QL"
"broadPeak_5731","pat","QL"
"broadPeak_5733","pat","QL"
"broadPeak_5744","pat","QL"
"broadPeak_5745","pat","QL"
"broadPeak_5752","pat","QL"
"broadPeak_5755","pat","QL"
"broadPeak_5764","pat","QL"
"broadPeak_5765","pat","QL"
"broadPeak_5767","pat","QL"
"broadPeak_5769","pat","QL"
"broadPeak_5770","pat","QL"
"broadPeak_5771","pat","QL"
"broadPeak_5773","pat","QL"
"broadPeak_5776","pat","QL"
"broadPeak_5822","pat","QL"
"broadPeak_5841","pat","QL"
"broadPeak_5899","pat","QL"
"broadPeak_5900","pat","QL"
"broadPeak_5944","pat","QL"
"broadPeak_6128","pat","QL"
"broadPeak_6167","pat","QL"
"broadPeak_6214","pat","QL"
"broadPeak_6230","pat","QL"
"broadPeak_6233","pat","QL"
"broadPeak_6237","pat","QL"
"broadPeak_6259","pat","QL"
"broadPeak_6272","pat","QL"
"broadPeak_6276","pat","QL"
"broadPeak_6283","pat","QL"
"broadPeak_6334","pat","QL"
"broadPeak_6335","pat","QL"
"broadPeak_6336","pat","QL"
"broadPeak_6450","pat","QL"
"broadPeak_6456","pat","QL"
"broadPeak_6457","pat","QL"
"broadPeak_6576","pat","QL"
"broadPeak_6578","pat","QL"
"broadPeak_6639","pat","QL"
"broadPeak_6653","pat","QL"
"broadPeak_6673","pat","QL"
"broadPeak_6711","pat","QL"
"broadPeak_6722","pat","QL"
"broadPeak_6746","pat","QL"
"broadPeak_6761","pat","QL"
"broadPeak_6768","pat","QL"
"broadPeak_6791","pat","QL"
"broadPeak_6803","pat","QL"
"broadPeak_6806","pat","QL"
"broadPeak_6854","pat","QL"
"broadPeak_6855","pat","QL"
"broadPeak_6858","pat","QL"
"broadPeak_6869","pat","QL"
"broadPeak_6881","pat","QL"
"broadPeak_6905","pat","QL"
"broadPeak_6906","pat","QL"
"broadPeak_6914","pat","QL"
"broadPeak_6932","pat","QL"
"broadPeak_6949","pat","QL"
"broadPeak_6950","pat","QL"
"broadPeak_6953","pat","QL"
"broadPeak_6959","pat","QL"
"broadPeak_6963","pat","QL"
"broadPeak_6964","pat","QL"
"broadPeak_6975","pat","QL"
"broadPeak_6977","pat","QL"
"broadPeak_6980","pat","QL"
"broadPeak_6999","pat","QL"
"broadPeak_7011","pat","QL"
"broadPeak_7015","pat","QL"
"broadPeak_7019","pat","QL"
"broadPeak_7030","pat","QL"
"broadPeak_7036","pat","QL"
"broadPeak_7042","pat","QL"
"broadPeak_7148","pat","QL"
"broadPeak_7166","pat","QL"
"broadPeak_7187","pat","QL"
"broadPeak_7548","pat","QL"
"broadPeak_7675","pat","QL"
"broadPeak_7678","pat","QL"
"broadPeak_7698","pat","QL"
"broadPeak_7727","pat","QL"
"broadPeak_7759","pat","QL"
"broadPeak_7762","pat","QL"
"broadPeak_7764","pat","QL"
"broadPeak_7784","pat","QL"
"broadPeak_7856","pat","QL"
"broadPeak_8007","pat","QL"
"broadPeak_8012","pat","QL"
"broadPeak_8017","pat","QL"
"broadPeak_8021","pat","QL"
"broadPeak_8022","pat","QL"
"broadPeak_8033","pat","QL"
"broadPeak_8312","pat","QL"
"broadPeak_8338","pat","QL"
"broadPeak_8339","pat","QL"
"broadPeak_8514","pat","QL"
"broadPeak_8672","pat","QL"
"broadPeak_8679","pat","QL"
"broadPeak_8915","pat","QL"
"broadPeak_8979","pat","QL"
"broadPeak_9051","pat","QL"
"broadPeak_9058","pat","QL"
"broadPeak_9062","pat","QL"
"broadPeak_9070","pat","QL"
"broadPeak_9071","pat","QL"
"broadPeak_9075","pat","QL"
"broadPeak_9076","pat","QL"
"broadPeak_9079","pat","QL"
"broadPeak_9150","pat","QL"
"broadPeak_9187","pat","QL"
"broadPeak_9199","pat","QL"
"broadPeak_9224","pat","QL"
"broadPeak_9226","pat","QL"
"broadPeak_9229","pat","QL"
"broadPeak_9425","pat","QL"
"broadPeak_9512","pat","QL"
"broadPeak_9521","pat","QL"
"broadPeak_9531","pat","QL"
"broadPeak_9615","pat","QL"
"broadPeak_9693","pat","QL"
"broadPeak_9714","pat","QL"
"broadPeak_9715","pat","QL"
"broadPeak_9866","pat","QL"
"broadPeak_9868","pat","QL"
"broadPeak_9882","pat","QL"
"broadPeak_9888","pat","QL"
"broadPeak_9901","pat","QL"
"broadPeak_10125","pat","QL"
"broadPeak_10273","pat","QL"
"broadPeak_10309","pat","QL"
"broadPeak_10413","pat","QL"
"broadPeak_10424","pat","QL"
"broadPeak_10445","pat","QL"
"broadPeak_10465","pat","QL"
"broadPeak_10466","pat","QL"
"broadPeak_10505","pat","QL"
"broadPeak_10551","pat","QL"
"broadPeak_10552","pat","QL"
"broadPeak_10627","pat","QL"
"broadPeak_10628","pat","QL"
"broadPeak_10629","pat","QL"
"broadPeak_10732","pat","QL"
"broadPeak_10734","pat","QL"
"broadPeak_10737","pat","QL"
"broadPeak_10763","pat","QL"
"broadPeak_10942","pat","QL"
"broadPeak_10967","pat","QL"
"broadPeak_10973","pat","QL"
"broadPeak_11212","pat","QL"
"broadPeak_11215","pat","QL"
"broadPeak_11216","pat","QL"
"broadPeak_11219","pat","QL"
"broadPeak_11227","pat","QL"
"broadPeak_11231","pat","QL"
"broadPeak_11265","pat","QL"
"broadPeak_11270","pat","QL"
"broadPeak_11271","pat","QL"
"broadPeak_11273","pat","QL"
"broadPeak_11303","pat","QL"
"broadPeak_11308","pat","QL"
"broadPeak_11309","pat","QL"
"broadPeak_11390","pat","QL"
"broadPeak_11415","pat","QL"
"broadPeak_11530","pat","QL"
"broadPeak_11676","pat","QL"
"broadPeak_11689","pat","QL"
"broadPeak_11691","pat","QL"
"broadPeak_11743","pat","QL"
"broadPeak_11776","pat","QL"
"broadPeak_11852","pat","QL"
"broadPeak_11867","pat","QL"
"broadPeak_11871","pat","QL"
"broadPeak_11946","pat","QL"
"broadPeak_11963","pat","QL"
"broadPeak_11968","pat","QL"
"broadPeak_12021","pat","QL"
"broadPeak_12049","pat","QL"
"broadPeak_12050","pat","QL"
"broadPeak_12059","pat","QL"
"broadPeak_12091","pat","QL"
"broadPeak_12132","pat","QL"
"broadPeak_12137","pat","QL"
"broadPeak_12161","pat","QL"
"broadPeak_12165","pat","QL"
"broadPeak_12174","pat","QL"
"broadPeak_12175","pat","QL"
"broadPeak_12180","pat","QL"
"broadPeak_12273","pat","QL"
"broadPeak_12275","pat","QL"
"broadPeak_12373","pat","QL"
"broadPeak_12389","pat","QL"
"broadPeak_12393","pat","QL"
"broadPeak_12422","pat","QL"
"broadPeak_12446","pat","QL"
"broadPeak_12468","pat","QL"
"broadPeak_12475","pat","QL"
"broadPeak_12492","pat","QL"
"broadPeak_12509","pat","QL"
"broadPeak_12568","pat","QL"
"broadPeak_12576","pat","QL"
"broadPeak_12577","pat","QL"
"broadPeak_12591","pat","QL"
"broadPeak_12662","pat","QL"
"broadPeak_12666","pat","QL"
"broadPeak_13041","pat","QL"
"broadPeak_13256","pat","QL"
"broadPeak_13262","pat","QL"
"broadPeak_13266","pat","QL"
"broadPeak_13287","pat","QL"
"broadPeak_13304","pat","QL"
"broadPeak_13518","pat","QL"
"broadPeak_13545","pat","QL"
"broadPeak_13559","pat","QL"
"broadPeak_13615","pat","QL"
"broadPeak_13619","pat","QL"
"broadPeak_13673","pat","QL"
"broadPeak_13703","pat","QL"
"broadPeak_13704","pat","QL"
"broadPeak_13720","pat","QL"
"broadPeak_13727","pat","QL"
"broadPeak_13729","pat","QL"
"broadPeak_13731","pat","QL"
"broadPeak_13732","pat","QL"
"broadPeak_13739","pat","QL"
"broadPeak_13741","pat","QL"
"broadPeak_13742","pat","QL"
"broadPeak_13743","pat","QL"
"broadPeak_13773","pat","QL"
"broadPeak_13774","pat","QL"
"broadPeak_13805","pat","QL"
"broadPeak_13841","pat","QL"
"broadPeak_13847","pat","QL"
"broadPeak_13898","pat","QL"
"broadPeak_13931","pat","QL"
"broadPeak_13958","pat","QL"
"broadPeak_13966","pat","QL"
"broadPeak_13968","pat","QL"
"broadPeak_14175","pat","QL"
"broadPeak_14232","pat","QL"
"broadPeak_14298","pat","QL"
"broadPeak_14510","pat","QL"
"broadPeak_14790","pat","QL"
"broadPeak_14878","pat","QL"
"broadPeak_14952","pat","QL"
"broadPeak_15003","pat","QL"
"broadPeak_15038","pat","QL"
"broadPeak_15105","pat","QL"
"broadPeak_15109","pat","QL"
"broadPeak_15142","pat","QL"
"broadPeak_15156","pat","QL"
"broadPeak_15157","pat","QL"
"broadPeak_15168","pat","QL"
"broadPeak_15357","pat","QL"
"broadPeak_15367","pat","QL"
"broadPeak_15369","pat","QL"
"broadPeak_15374","pat","QL"
"broadPeak_15376","pat","QL"
"broadPeak_15378","pat","QL"
"broadPeak_15442","pat","QL"
"broadPeak_15657","pat","QL"
"broadPeak_15671","pat","QL"
"broadPeak_15672","pat","QL"
"broadPeak_15675","pat","QL"
"broadPeak_15700","pat","QL"
"broadPeak_15727","pat","QL"
"broadPeak_15809","pat","QL"
"broadPeak_15920","pat","QL"
"broadPeak_15943","pat","QL"
"broadPeak_15992","pat","QL"
"broadPeak_16169","pat","QL"
"broadPeak_16187","pat","QL"
"broadPeak_16304","pat","QL"
"broadPeak_16345","pat","QL"
"broadPeak_16468","pat","QL"
"broadPeak_16474","pat","QL"
"broadPeak_16552","pat","QL"
"broadPeak_16571","pat","QL"
"broadPeak_16597","pat","QL"
"broadPeak_16747","pat","QL"
"broadPeak_16756","pat","QL"
"broadPeak_17238","pat","QL"
"broadPeak_17293","pat","QL"
"broadPeak_17452","pat","QL"
"broadPeak_17460","pat","QL"
"broadPeak_17559","pat","QL"
"broadPeak_17569","pat","QL"
"broadPeak_17577","pat","QL"
"broadPeak_17943","pat","QL"
"broadPeak_18008","pat","QL"
"broadPeak_18060","pat","QL"
"broadPeak_18595","pat","QL"
"broadPeak_18746","pat","QL"
"broadPeak_18749","pat","QL"
"broadPeak_18764","pat","QL"
"broadPeak_18787","pat","QL"
"broadPeak_18791","pat","QL"
"broadPeak_18939","pat","QL"
"broadPeak_19159","pat","QL"
"broadPeak_19275","pat","QL"
"broadPeak_19328","pat","QL"
"broadPeak_19329","pat","QL"
"broadPeak_19416","pat","QL"
"broadPeak_19714","pat","QL"
"broadPeak_19754","pat","QL"
"broadPeak_19768","pat","QL"
"broadPeak_19770","pat","QL"
"broadPeak_19953","pat","QL"
"broadPeak_19967","pat","QL"
"broadPeak_19968","pat","QL"
"broadPeak_19970","pat","QL"
"broadPeak_19973","pat","QL"
"broadPeak_19983","pat","QL"
"broadPeak_19985","pat","QL"
"broadPeak_19992","pat","QL"
"broadPeak_20000","pat","QL"
"broadPeak_20005","pat","QL"
"broadPeak_20008","pat","QL"
"broadPeak_20012","pat","QL"
"broadPeak_20013","pat","QL"
"broadPeak_20027","pat","QL"
"broadPeak_20028","pat","QL"
"broadPeak_20075","pat","QL"
"broadPeak_20083","pat","QL"
"broadPeak_20093","pat","QL"
"broadPeak_20138","pat","QL"
"broadPeak_20156","pat","QL"
"broadPeak_20157","pat","QL"
"broadPeak_20158","pat","QL"
"broadPeak_20175","pat","QL"
"broadPeak_20181","pat","QL"
"broadPeak_20186","pat","QL"
"broadPeak_20193","pat","QL"
"broadPeak_20194","pat","QL"
"broadPeak_20195","pat","QL"
"broadPeak_20235","pat","QL"
"broadPeak_20241","pat","QL"
"broadPeak_20246","pat","QL"
"broadPeak_20248","pat","QL"
"broadPeak_20456","pat","QL"
"broadPeak_20457","pat","QL"
"broadPeak_20519","pat","QL"
"broadPeak_20642","pat","QL"
"broadPeak_20739","pat","QL"
"broadPeak_20965","pat","QL"
"broadPeak_21036","pat","QL"
"broadPeak_21044","pat","QL"
"broadPeak_21045","pat","QL"
"broadPeak_21047","pat","QL"
"broadPeak_21057","pat","QL"
"broadPeak_21109","pat","QL"
"broadPeak_21111","pat","QL"
"broadPeak_21183","pat","QL"
"broadPeak_21188","pat","QL"
"broadPeak_21376","pat","QL"
"broadPeak_21392","pat","QL"
"broadPeak_21396","pat","QL"
"broadPeak_21879","pat","QL"
"broadPeak_21959","pat","QL"
"broadPeak_22030","pat","QL"
"broadPeak_22033","pat","QL"
"broadPeak_22098","pat","QL"
"broadPeak_22211","pat","QL"
"broadPeak_22214","pat","QL"
"broadPeak_22223","pat","QL"
"broadPeak_22253","pat","QL"
"broadPeak_22256","pat","QL"
"broadPeak_22269","pat","QL"
"broadPeak_22326","pat","QL"
"broadPeak_22334","pat","QL"
"broadPeak_22402","pat","QL"
"broadPeak_22442","pat","QL"
"broadPeak_22675","pat","QL"
"broadPeak_22677","pat","QL"
"broadPeak_22699","pat","QL"
"broadPeak_22801","pat","QL"
"broadPeak_22803","pat","QL"
"broadPeak_22862","pat","QL"
"broadPeak_22865","pat","QL"
"broadPeak_22870","pat","QL"
"broadPeak_22872","pat","QL"
"broadPeak_22901","pat","QL"
"broadPeak_22908","pat","QL"
"broadPeak_22924","pat","QL"
"broadPeak_22927","pat","QL"
"broadPeak_22944","pat","QL"
"broadPeak_23017","pat","QL"
"broadPeak_23058","pat","QL"
"broadPeak_23148","pat","QL"
"broadPeak_23149","pat","QL"
"broadPeak_23254","pat","QL"
"broadPeak_23267","pat","QL"
"broadPeak_23284","pat","QL"
"broadPeak_23510","pat","QL"
"broadPeak_23512","pat","QL"
"broadPeak_23520","pat","QL"
"broadPeak_23524","pat","QL"
"broadPeak_23585","pat","QL"
"broadPeak_23590","pat","QL"
"broadPeak_23606","pat","QL"
"broadPeak_23663","pat","QL"
"broadPeak_23714","pat","QL"
"broadPeak_23789","pat","QL"
"broadPeak_23809","pat","QL"
"broadPeak_23826","pat","QL"
"broadPeak_23833","pat","QL"
"broadPeak_24002","pat","QL"
"broadPeak_24012","pat","QL"
"broadPeak_24019","pat","QL"
"broadPeak_24033","pat","QL"
"broadPeak_24067","pat","QL"
"broadPeak_24072","pat","QL"
"broadPeak_24073","pat","QL"
"broadPeak_24402","pat","QL"
"broadPeak_24426","pat","QL"
"broadPeak_24502","pat","QL"
"broadPeak_24509","pat","QL"
"broadPeak_24523","pat","QL"
"broadPeak_24540","pat","QL"
"broadPeak_24591","pat","QL"
"broadPeak_24592","pat","QL"
"broadPeak_24595","pat","QL"
"broadPeak_24597","pat","QL"
"broadPeak_24604","pat","QL"
"broadPeak_24630","pat","QL"
"broadPeak_24667","pat","QL"
"broadPeak_24668","pat","QL"
"broadPeak_24670","pat","QL"
"broadPeak_24811","pat","QL"
"broadPeak_24830","pat","QL"
"broadPeak_24859","pat","QL"
"broadPeak_24926","pat","QL"
"broadPeak_24941","pat","QL"
"broadPeak_24951","pat","QL"
"broadPeak_25013","pat","QL"
"broadPeak_25015","pat","QL"
"broadPeak_25065","pat","QL"
"broadPeak_25072","pat","QL"
"broadPeak_25088","pat","QL"
"broadPeak_25243","pat","QL"
"broadPeak_25541","pat","QL"
"broadPeak_25644","pat","QL"
"broadPeak_25690","pat","QL"
"broadPeak_25695","pat","QL"
"broadPeak_25705","pat","QL"
"broadPeak_25711","pat","QL"
"broadPeak_25797","pat","QL"
"broadPeak_25826","pat","QL"
"broadPeak_25854","pat","QL"
"broadPeak_25932","pat","QL"
"broadPeak_25933","pat","QL"
"broadPeak_25934","pat","QL"
"broadPeak_25991","pat","QL"
"broadPeak_25999","pat","QL"
"broadPeak_26057","pat","QL"
"broadPeak_26132","pat","QL"
"broadPeak_26142","pat","QL"
"broadPeak_26144","pat","QL"
"broadPeak_26450","pat","QL"
"broadPeak_26567","pat","QL"
"broadPeak_26568","pat","QL"
"broadPeak_26569","pat","QL"
"broadPeak_26574","pat","QL"
"broadPeak_26590","pat","QL"
"broadPeak_26597","pat","QL"
"broadPeak_26674","pat","QL"
"broadPeak_26682","pat","QL"
"broadPeak_26685","pat","QL"
"broadPeak_26719","pat","QL"
"broadPeak_26722","pat","QL"
"broadPeak_26802","pat","QL"
"broadPeak_27022","pat","QL"
"broadPeak_27776","pat","QL"
"broadPeak_27901","pat","QL"
"broadPeak_27919","pat","QL"
"broadPeak_27953","pat","QL"
"broadPeak_28047","pat","QL"
"broadPeak_28053","pat","QL"
"broadPeak_28110","pat","QL"
"broadPeak_28215","pat","QL"
"broadPeak_28435","pat","QL"
"broadPeak_28436","pat","QL"
"broadPeak_28440","pat","QL"
"broadPeak_28454","pat","QL"
"broadPeak_28472","pat","QL"
"broadPeak_28484","pat","QL"
"broadPeak_28486","pat","QL"
"broadPeak_28493","pat","QL"
"broadPeak_28496","pat","QL"
"broadPeak_28505","pat","QL"
"broadPeak_28549","pat","QL"
"broadPeak_28701","pat","QL"
"broadPeak_28813","pat","QL"
"broadPeak_28933","pat","QL"
"broadPeak_28997","pat","QL"
"broadPeak_29002","pat","QL"
"broadPeak_29026","pat","QL"
"broadPeak_29032","pat","QL"
"broadPeak_29046","pat","QL"
"broadPeak_29111","pat","QL"
"broadPeak_29125","pat","QL"
"broadPeak_29278","pat","QL"
"broadPeak_29286","pat","QL"
"broadPeak_29331","pat","QL"
"broadPeak_29337","pat","QL"
"broadPeak_29422","pat","QL"
"broadPeak_29449","pat","QL"
"broadPeak_29483","pat","QL"
"broadPeak_29548","pat","QL"
"broadPeak_29672","pat","QL"
"broadPeak_29705","pat","QL"
"broadPeak_29710","pat","QL"
"broadPeak_29715","pat","QL"
"broadPeak_29769","pat","QL"
"broadPeak_29874","pat","QL"
"broadPeak_29880","pat","QL"
"broadPeak_29935","pat","QL"
"broadPeak_30055","pat","QL"
"broadPeak_30058","pat","QL"
"broadPeak_30067","pat","QL"
"broadPeak_30068","pat","QL"
"broadPeak_30400","pat","QL"
"broadPeak_30504","pat","QL"
"broadPeak_30574","pat","QL"
"broadPeak_30576","pat","QL"
"broadPeak_30644","pat","QL"
"broadPeak_30717","pat","QL"
"broadPeak_30755","pat","QL"
"broadPeak_30827","pat","QL"
"broadPeak_30834","pat","QL"
"broadPeak_30851","pat","QL"
"broadPeak_30855","pat","QL"
"broadPeak_30862","pat","QL"
"broadPeak_30868","pat","QL"
"broadPeak_30931","pat","QL"
"broadPeak_30980","pat","QL"
"broadPeak_31056","pat","QL"
"broadPeak_31059","pat","QL"
"broadPeak_31222","pat","QL"
"broadPeak_31226","pat","QL"
"broadPeak_31259","pat","QL"
"broadPeak_31260","pat","QL"
"broadPeak_31261","pat","QL"
"broadPeak_31262","pat","QL"
"broadPeak_31263","pat","QL"
"broadPeak_31268","pat","QL"
"broadPeak_31273","pat","QL"
"broadPeak_31280","pat","QL"
"broadPeak_31299","pat","QL"
"broadPeak_31305","pat","QL"
"broadPeak_31562","pat","QL"
"broadPeak_31778","pat","QL"
"broadPeak_31828","pat","QL"
"broadPeak_31920","pat","QL"
"broadPeak_31947","pat","QL"
"broadPeak_31949","pat","QL"
"broadPeak_31989","pat","QL"
"broadPeak_32030","pat","QL"
"broadPeak_32068","pat","QL"
"broadPeak_32069","pat","QL"
"broadPeak_32239","pat","QL"
"broadPeak_32317","pat","QL"
"broadPeak_32459","pat","QL"
"broadPeak_32467","pat","QL"
"broadPeak_32587","pat","QL"
"broadPeak_32593","pat","QL"
"broadPeak_32610","pat","QL"
"broadPeak_32660","pat","QL"
"broadPeak_32716","pat","QL"
"broadPeak_32734","pat","QL"
"broadPeak_32779","pat","QL"
"broadPeak_32945","pat","QL"
"broadPeak_32951","pat","QL"
"broadPeak_32972","pat","QL"
"broadPeak_33035","pat","QL"
"broadPeak_33076","pat","QL"
"broadPeak_33103","pat","QL"
"broadPeak_33298","pat","QL"
"broadPeak_33328","pat","QL"
"broadPeak_33636","pat","QL"
"broadPeak_33963","pat","QL"
"broadPeak_34466","pat","QL"
"broadPeak_34563","pat","QL"
"broadPeak_34681","pat","QL"
"broadPeak_34682","pat","QL"
"broadPeak_34832","pat","QL"
"broadPeak_34904","pat","QL"
"broadPeak_34944","pat","QL"
"broadPeak_34958","pat","QL"
"broadPeak_34963","pat","QL"
"broadPeak_34969","pat","QL"
"broadPeak_34970","pat","QL"
"broadPeak_34971","pat","QL"
"broadPeak_34975","pat","QL"
"broadPeak_34986","pat","QL"
"broadPeak_35014","pat","QL"
"broadPeak_35072","pat","QL"
"broadPeak_35086","pat","QL"
"broadPeak_35089","pat","QL"
"broadPeak_35091","pat","QL"
"broadPeak_35109","pat","QL"
"broadPeak_35235","pat","QL"
"broadPeak_35248","pat","QL"
"broadPeak_35306","pat","QL"
"broadPeak_35307","pat","QL"
"broadPeak_35308","pat","QL"
"broadPeak_35316","pat","QL"
"broadPeak_35378","pat","QL"
"broadPeak_35379","pat","QL"
"broadPeak_35400","pat","QL"
"broadPeak_35498","pat","QL"
"broadPeak_35607","pat","QL"
"broadPeak_35671","pat","QL"
"broadPeak_35769","pat","QL"
"broadPeak_35805","pat","QL"
"broadPeak_35828","pat","QL"
"broadPeak_35829","pat","QL"
"broadPeak_35859","pat","QL"
"broadPeak_35862","pat","QL"
"broadPeak_35872","pat","QL"
"broadPeak_35874","pat","QL"
"broadPeak_35875","pat","QL"
"broadPeak_35886","pat","QL"
"broadPeak_35907","pat","QL"
"broadPeak_35909","pat","QL"
"broadPeak_35946","pat","QL"
"broadPeak_35949","pat","QL"
"broadPeak_35950","pat","QL"
"broadPeak_35953","pat","QL"
"broadPeak_35972","pat","QL"
"broadPeak_35974","pat","QL"
"broadPeak_35976","pat","QL"
"broadPeak_36081","pat","QL"
"broadPeak_36088","pat","QL"
"broadPeak_36107","pat","QL"
"broadPeak_36108","pat","QL"
"broadPeak_36142","pat","QL"
"broadPeak_36145","pat","QL"
"broadPeak_36155","pat","QL"
"broadPeak_36159","pat","QL"
"broadPeak_36165","pat","QL"
"broadPeak_36171","pat","QL"
"broadPeak_36178","pat","QL"
"broadPeak_36181","pat","QL"
"broadPeak_36187","pat","QL"
"broadPeak_36192","pat","QL"
"broadPeak_36197","pat","QL"
"broadPeak_36199","pat","QL"
"broadPeak_36200","pat","QL"
"broadPeak_36203","pat","QL"
"broadPeak_36209","pat","QL"
"broadPeak_36210","pat","QL"
"broadPeak_36211","pat","QL"
"broadPeak_36212","pat","QL"
"broadPeak_36263","pat","QL"
"broadPeak_36278","pat","QL"
"broadPeak_36283","pat","QL"
"broadPeak_36494","pat","QL"
"broadPeak_36521","pat","QL"
"broadPeak_36672","pat","QL"
"broadPeak_36689","pat","QL"
"broadPeak_36739","pat","QL"
"broadPeak_36740","pat","QL"
"broadPeak_36742","pat","QL"
"broadPeak_36749","pat","QL"
"broadPeak_36777","pat","QL"
"broadPeak_36849","pat","QL"
"broadPeak_36851","pat","QL"
"broadPeak_36852","pat","QL"
"broadPeak_36853","pat","QL"
"broadPeak_36897","pat","QL"
"broadPeak_36899","pat","QL"
"broadPeak_36901","pat","QL"
"broadPeak_36928","pat","QL"
"broadPeak_36979","pat","QL"
"broadPeak_36982","pat","QL"
"broadPeak_37001","pat","QL"
"broadPeak_37002","pat","QL"
"broadPeak_37248","pat","QL"
"broadPeak_37262","pat","QL"
"broadPeak_37305","pat","QL"
"broadPeak_37352","pat","QL"
"broadPeak_37508","pat","QL"
"broadPeak_37657","pat","QL"
"narrowPeak_30602","pat","QL"
"narrowPeak_30670","pat","QL"
"broadPeak_37760","pat","QL"
"broadPeak_37816","pat","QL"
"narrowPeak_30775","pat","QL"
"broadPeak_37820","pat","QL"
"broadPeak_37821","pat","QL"
"broadPeak_37851","pat","QL"
"broadPeak_37853","pat","QL"
"broadPeak_37862","pat","QL"
"narrowPeak_31018","pat","QL"
"broadPeak_37998","pat","QL"
"broadPeak_38045","pat","QL"
"narrowPeak_31226","pat","QL"
"narrowPeak_31524","pat","QL"
"narrowPeak_31530","pat","QL"
"broadPeak_38286","pat","QL"
"broadPeak_38311","pat","QL"
"narrowPeak_31696","pat","QL"
"broadPeak_38319","pat","QL"
"narrowPeak_31745","pat","QL"
"narrowPeak_31831","pat","QL"
"broadPeak_38339","pat","QL"
"broadPeak_38344","pat","QL"
"broadPeak_38347","pat","QL"
"broadPeak_38361","pat","QL"
"narrowPeak_31847","pat","QL"
"broadPeak_38394","pat","QL"
"broadPeak_38458","pat","QL"
"narrowPeak_31925","pat","QL"
"broadPeak_38623","pat","QL"
"broadPeak_38624","pat","QL"
"broadPeak_38625","pat","QL"
"narrowPeak_32018","pat","QL"
"broadPeak_38640","pat","QL"
"broadPeak_38651","pat","QL"
"broadPeak_38661","pat","QL"
"broadPeak_38691","pat","QL"
"broadPeak_38722","pat","QL"
"narrowPeak_32135","pat","QL"
"broadPeak_38736","pat","QL"
"narrowPeak_32145","pat","QL"
"broadPeak_38757","pat","QL"
"broadPeak_38785","pat","QL"
"broadPeak_38824","pat","QL"
"narrowPeak_32273","pat","QL"
"broadPeak_38904","pat","QL"
"narrowPeak_32282","pat","QL"
"narrowPeak_32284","pat","QL"
"broadPeak_38947","pat","QL"
"narrowPeak_32414","pat","QL"
"broadPeak_39007","pat","QL"
"broadPeak_39024","pat","QL"
"broadPeak_39029","pat","QL"
"broadPeak_39197","pat","QL"
"broadPeak_39204","pat","QL"
"broadPeak_39251","pat","QL"
"broadPeak_39283","pat","QL"
"broadPeak_39285","pat","QL"
"broadPeak_39291","pat","QL"
"broadPeak_39295","pat","QL"
"broadPeak_39296","pat","QL"
"broadPeak_39370","pat","QL"
"broadPeak_39429","pat","QL"
"broadPeak_39432","pat","QL"
"broadPeak_39487","pat","QL"
"narrowPeak_32732","pat","QL"
"narrowPeak_32759","pat","QL"
"narrowPeak_32764","pat","QL"
"broadPeak_39550","pat","QL"
"broadPeak_39553","pat","QL"
"broadPeak_39655","pat","QL"
"broadPeak_39673","pat","QL"
"broadPeak_39769","pat","QL"
"broadPeak_39771","pat","QL"
"broadPeak_39772","pat","QL"
"broadPeak_39774","pat","QL"
"broadPeak_39776","pat","QL"
"broadPeak_39781","pat","QL"
"broadPeak_39782","pat","QL"
"broadPeak_40324","pat","QL"
"broadPeak_40334","pat","QL"
"broadPeak_40363","pat","QL"
"narrowPeak_33271","pat","QL"
"narrowPeak_33286","pat","QL"
"broadPeak_40568","pat","QL"
"broadPeak_40575","pat","QL"
"broadPeak_40579","pat","QL"
"narrowPeak_33336","pat","QL"
"broadPeak_40588","pat","QL"
"broadPeak_40606","pat","QL"
"narrowPeak_33358","pat","QL"
"broadPeak_40627","pat","QL"
"broadPeak_40679","pat","QL"
"broadPeak_40680","pat","QL"
"narrowPeak_33455","pat","QL"
"narrowPeak_33459","pat","QL"
"broadPeak_40888","pat","QL"
"broadPeak_40896","pat","QL"
"broadPeak_40913","pat","QL"
"narrowPeak_33570","pat","QL"
"broadPeak_41059","pat","QL"
"broadPeak_41061","pat","QL"
"broadPeak_41201","pat","QL"
"narrowPeak_33740","pat","QL"
"narrowPeak_33745","pat","QL"
"narrowPeak_33772","pat","QL"
"broadPeak_41305","pat","QL"
"narrowPeak_33791","pat","QL"
"broadPeak_41306","pat","QL"
"narrowPeak_33793","pat","QL"
"broadPeak_41417","pat","QL"
"broadPeak_41507","pat","QL"
"narrowPeak_33989","pat","QL"
"narrowPeak_34058","pat","QL"
"narrowPeak_34190","pat","QL"
"broadPeak_41730","pat","QL"
"narrowPeak_34313","pat","QL"
"broadPeak_41787","pat","QL"
"narrowPeak_34327","pat","QL"
"broadPeak_41791","pat","QL"
"broadPeak_41802","pat","QL"
"broadPeak_41835","pat","QL"
"broadPeak_41916","pat","QL"
"broadPeak_42022","pat","QL"
"narrowPeak_34559","pat","QL"
"broadPeak_42140","pat","QL"
"broadPeak_42164","pat","QL"
"narrowPeak_34627","pat","QL"
"broadPeak_42313","pat","QL"
"narrowPeak_34737","pat","QL"
"broadPeak_42538","pat","QL"
"broadPeak_42597","pat","QL"
"narrowPeak_34908","pat","QL"
"broadPeak_42605","pat","QL"
"narrowPeak_34924","pat","QL"
"broadPeak_42629","pat","QL"
"broadPeak_42644","pat","QL"
"broadPeak_42665","pat","QL"
"broadPeak_42670","pat","QL"
"broadPeak_42671","pat","QL"
"broadPeak_42680","pat","QL"
"broadPeak_42685","pat","QL"
"broadPeak_42688","pat","QL"
"broadPeak_42691","pat","QL"
"broadPeak_42769","pat","QL"
"narrowPeak_35091","pat","QL"
"broadPeak_42782","pat","QL"
"broadPeak_42792","pat","QL"
"broadPeak_42935","pat","QL"
"narrowPeak_35267","pat","QL"
"broadPeak_42977","pat","QL"
"broadPeak_42994","pat","QL"
"broadPeak_42999","pat","QL"
"broadPeak_43024","pat","QL"
"broadPeak_43036","pat","QL"
"broadPeak_43043","pat","QL"
"broadPeak_43102","pat","QL"
"broadPeak_43129","pat","QL"
"broadPeak_43140","pat","QL"
"broadPeak_43178","pat","QL"
"narrowPeak_35410","pat","QL"
"broadPeak_43252","pat","QL"
"broadPeak_43633","pat","QL"
"broadPeak_43644","pat","QL"
"broadPeak_43650","pat","QL"
"narrowPeak_35615","pat","QL"
"narrowPeak_35626","pat","QL"
"narrowPeak_35629","pat","QL"
"narrowPeak_35691","pat","QL"
"narrowPeak_35718","pat","QL"
"broadPeak_43985","pat","QL"
"narrowPeak_35866","pat","QL"
"broadPeak_44072","pat","QL"
"narrowPeak_35896","pat","QL"
"broadPeak_44080","pat","QL"
"broadPeak_44102","pat","QL"
"broadPeak_44110","pat","QL"
"broadPeak_44145","pat","QL"
"narrowPeak_35982","pat","QL"
"broadPeak_44156","pat","QL"
"broadPeak_44157","pat","QL"
"narrowPeak_35986","pat","QL"
"broadPeak_44187","pat","QL"
"narrowPeak_36046","pat","QL"
"broadPeak_44353","pat","QL"
"narrowPeak_36150","pat","QL"
"broadPeak_44441","pat","QL"
"broadPeak_44455","pat","QL"
"broadPeak_44572","pat","QL"
"broadPeak_44627","pat","QL"
"broadPeak_44629","pat","QL"
"broadPeak_44658","pat","QL"
"broadPeak_44666","pat","QL"
"narrowPeak_36529","pat","QL"
"broadPeak_44685","pat","QL"
"broadPeak_44720","pat","QL"
"broadPeak_44761","pat","QL"
"broadPeak_44764","pat","QL"
"broadPeak_45032","pat","QL"
"broadPeak_45036","pat","QL"
"broadPeak_45059","pat","QL"
"broadPeak_45076","pat","QL"
"narrowPeak_36877","pat","QL"
"broadPeak_45164","pat","QL"
"narrowPeak_36977","pat","QL"
"broadPeak_45202","pat","QL"
"narrowPeak_36993","pat","QL"
"narrowPeak_36994","pat","QL"
"broadPeak_45207","pat","QL"
"narrowPeak_36996","pat","QL"
"narrowPeak_37001","pat","QL"
"broadPeak_45210","pat","QL"
"narrowPeak_37010","pat","QL"
"narrowPeak_37013","pat","QL"
"broadPeak_45212","pat","QL"
"broadPeak_45320","pat","QL"
"broadPeak_45322","pat","QL"
"narrowPeak_37207","pat","QL"
"narrowPeak_37492","pat","QL"
"narrowPeak_37584","pat","QL"
"broadPeak_45619","pat","QL"
"broadPeak_45686","pat","QL"
"broadPeak_45709","pat","QL"
"narrowPeak_37664","pat","QL"
"broadPeak_45760","pat","QL"
"narrowPeak_37684","pat","QL"
"narrowPeak_37734","pat","QL"
"broadPeak_45918","pat","QL"
"broadPeak_45929","pat","QL"
"narrowPeak_37794","pat","QL"
"narrowPeak_37816","pat","QL"
"narrowPeak_37833","pat","QL"
"broadPeak_46018","pat","QL"
"narrowPeak_37898","pat","QL"
"broadPeak_46022","pat","QL"
"narrowPeak_37901","pat","QL"
"broadPeak_46027","pat","QL"
"broadPeak_46029","pat","QL"
"broadPeak_46031","pat","QL"
"broadPeak_46035","pat","QL"
"broadPeak_46038","pat","QL"
"narrowPeak_37937","pat","QL"
"broadPeak_46051","pat","QL"
"broadPeak_46077","pat","QL"
"narrowPeak_38126","pat","QL"
"broadPeak_46134","pat","QL"
"narrowPeak_38158","pat","QL"
"narrowPeak_38178","pat","QL"
"narrowPeak_38180","pat","QL"
"narrowPeak_38183","pat","QL"
"narrowPeak_38190","pat","QL"
"narrowPeak_38197","pat","QL"
"narrowPeak_38266","pat","QL"
"narrowPeak_38442","pat","QL"
"broadPeak_46277","pat","QL"
"broadPeak_46338","pat","QL"
"broadPeak_46457","pat","QL"
"narrowPeak_38764","pat","QL"
"narrowPeak_38765","pat","QL"
"broadPeak_46462","pat","QL"
"narrowPeak_38777","pat","QL"
"broadPeak_46474","pat","QL"
"broadPeak_46486","pat","QL"
"narrowPeak_38809","pat","QL"
"broadPeak_46495","pat","QL"
"narrowPeak_39001","pat","QL"
"narrowPeak_39045","pat","QL"
"broadPeak_46583","pat","QL"
"narrowPeak_39053","pat","QL"
"broadPeak_46642","pat","QL"
"narrowPeak_39247","pat","QL"
"narrowPeak_39364","pat","QL"
"narrowPeak_39366","pat","QL"
"narrowPeak_39367","pat","QL"
"narrowPeak_39514","pat","QL"
"narrowPeak_39539","pat","QL"
"broadPeak_46889","pat","QL"
"broadPeak_46932","pat","QL"
"broadPeak_46934","pat","QL"
"broadPeak_46946","pat","QL"
"broadPeak_46954","pat","QL"
"narrowPeak_39743","pat","QL"
"broadPeak_46973","pat","QL"
"narrowPeak_39750","pat","QL"
"narrowPeak_39758","pat","QL"
"narrowPeak_39855","pat","QL"
"narrowPeak_39889","pat","QL"
"broadPeak_47270","pat","QL"
"narrowPeak_40043","pat","QL"
"narrowPeak_40052","pat","QL"
"broadPeak_47287","pat","QL"
"narrowPeak_40055","pat","QL"
"narrowPeak_40056","pat","QL"
"narrowPeak_40066","pat","QL"
"broadPeak_47296","pat","QL"
"narrowPeak_40067","pat","QL"
"broadPeak_47301","pat","QL"
"broadPeak_47310","pat","QL"
"narrowPeak_40112","pat","QL"
"narrowPeak_40147","pat","QL"
"broadPeak_47387","pat","QL"
"narrowPeak_40181","pat","QL"
"broadPeak_47546","pat","QL"
"broadPeak_47549","pat","QL"
"broadPeak_47574","pat","QL"
"narrowPeak_40310","pat","QL"
"narrowPeak_40326","pat","QL"
"broadPeak_47592","pat","QL"
"broadPeak_47598","pat","QL"
"broadPeak_47607","pat","QL"
"broadPeak_47609","pat","QL"
"broadPeak_47612","pat","QL"
"broadPeak_47627","pat","QL"
"narrowPeak_40380","pat","QL"
"narrowPeak_40395","pat","QL"
"broadPeak_47644","pat","QL"
"broadPeak_47653","pat","QL"
"narrowPeak_40407","pat","QL"
"narrowPeak_40411","pat","QL"
"narrowPeak_40415","pat","QL"
"broadPeak_47663","pat","QL"
"broadPeak_47788","pat","QL"
"narrowPeak_40478","pat","QL"
"narrowPeak_40513","pat","QL"
"broadPeak_47864","pat","QL"
"narrowPeak_40759","pat","QL"
"broadPeak_48361","pat","QL"
"broadPeak_48657","pat","QL"
"broadPeak_48709","pat","QL"
"broadPeak_48727","pat","QL"
"broadPeak_48880","pat","QL"
"broadPeak_48892","pat","QL"
"broadPeak_48895","pat","QL"
"broadPeak_48901","pat","QL"
"broadPeak_48913","pat","QL"
"narrowPeak_41055","pat","QL"
"broadPeak_48926","pat","QL"
"broadPeak_48927","pat","QL"
"broadPeak_48939","pat","QL"
"broadPeak_48994","pat","QL"
"broadPeak_49028","pat","QL"
"broadPeak_49037","pat","QL"
"broadPeak_49039","pat","QL"
"narrowPeak_41099","pat","QL"
"broadPeak_49083","pat","QL"
"broadPeak_49126","pat","QL"
"broadPeak_49138","pat","QL"
"broadPeak_49140","pat","QL"
"broadPeak_49143","pat","QL"
"broadPeak_49146","pat","QL"
"broadPeak_49147","pat","QL"
"narrowPeak_41171","pat","QL"
"broadPeak_49196","pat","QL"
"broadPeak_49203","pat","QL"
"broadPeak_49207","pat","QL"
"broadPeak_49209","pat","QL"
"broadPeak_49222","pat","QL"
"broadPeak_49307","pat","QL"
"narrowPeak_41300","pat","QL"
"broadPeak_49414","pat","QL"
"broadPeak_49461","pat","QL"
"narrowPeak_41324","pat","QL"
"broadPeak_49495","pat","QL"
"broadPeak_49616","pat","QL"
"broadPeak_49773","pat","QL"
"broadPeak_49813","pat","QL"
"broadPeak_49908","pat","QL"
"broadPeak_49937","pat","QL"
"narrowPeak_41569","pat","QL"
"broadPeak_49964","pat","QL"
"narrowPeak_41601","pat","QL"
"narrowPeak_41612","pat","QL"
"narrowPeak_41617","pat","QL"
"broadPeak_49994","pat","QL"
"narrowPeak_41640","pat","QL"
"broadPeak_50098","pat","QL"
"narrowPeak_41854","pat","QL"
"narrowPeak_41966","pat","QL"
"broadPeak_50404","pat","QL"
"broadPeak_50406","pat","QL"
"broadPeak_50407","pat","QL"
"narrowPeak_42148","pat","QL"
"broadPeak_50431","pat","QL"
"broadPeak_50445","pat","QL"
"broadPeak_50473","pat","QL"
"narrowPeak_42268","pat","QL"
"broadPeak_50536","pat","QL"
"narrowPeak_42305","pat","QL"
"narrowPeak_42330","pat","QL"
"broadPeak_50607","pat","QL"
"narrowPeak_42427","pat","QL"
"broadPeak_50664","pat","QL"
"broadPeak_51123","pat","QL"
"broadPeak_51242","pat","QL"
"narrowPeak_43005","pat","QL"
"broadPeak_51299","pat","QL"
"broadPeak_51305","pat","QL"
"broadPeak_51307","pat","QL"
"broadPeak_51309","pat","QL"
"broadPeak_51334","pat","QL"
"broadPeak_51337","pat","QL"
"broadPeak_51338","pat","QL"
"broadPeak_51635","pat","QL"
"narrowPeak_43185","pat","QL"
"broadPeak_51642","pat","QL"
"narrowPeak_43188","pat","QL"
"broadPeak_51644","pat","QL"
"broadPeak_51712","pat","QL"
"broadPeak_51722","pat","QL"
"narrowPeak_43231","pat","QL"
"narrowPeak_43245","pat","QL"
"broadPeak_51758","pat","QL"
"narrowPeak_43250","pat","QL"
"narrowPeak_43253","pat","QL"
"broadPeak_51790","pat","QL"
"broadPeak_51795","pat","QL"
"broadPeak_51799","pat","QL"
"broadPeak_51817","pat","QL"
"narrowPeak_43353","pat","QL"
"broadPeak_51830","pat","QL"
"narrowPeak_43376","pat","QL"
"narrowPeak_43377","pat","QL"
"broadPeak_51843","pat","QL"
"broadPeak_51847","pat","QL"
"narrowPeak_43403","pat","QL"
"narrowPeak_43406","pat","QL"
"broadPeak_51878","pat","QL"
"narrowPeak_43477","pat","QL"
"broadPeak_51953","pat","QL"
"narrowPeak_43480","pat","QL"
"broadPeak_51978","pat","QL"
"narrowPeak_43519","pat","QL"
"broadPeak_52031","pat","QL"
"broadPeak_52041","pat","QL"
"narrowPeak_43607","pat","QL"
"broadPeak_52076","pat","QL"
"broadPeak_52087","pat","QL"
"narrowPeak_43691","pat","QL"
"narrowPeak_44136","pat","QL"
"narrowPeak_44150","pat","QL"
"broadPeak_52498","pat","QL"
"broadPeak_52499","pat","QL"
"broadPeak_52523","pat","QL"
"narrowPeak_44240","pat","QL"
"broadPeak_52534","pat","QL"
"narrowPeak_44274","pat","QL"
"narrowPeak_44294","pat","QL"
"broadPeak_52596","pat","QL"
"narrowPeak_44315","pat","QL"
"broadPeak_52607","pat","QL"
"narrowPeak_44323","pat","QL"
"broadPeak_52608","pat","QL"
"broadPeak_52613","pat","QL"
"narrowPeak_44330","pat","QL"
"broadPeak_52627","pat","QL"
"narrowPeak_44338","pat","QL"
"broadPeak_52630","pat","QL"
"broadPeak_52632","pat","QL"
"narrowPeak_44348","pat","QL"
"broadPeak_52640","pat","QL"
"narrowPeak_44358","pat","QL"
"broadPeak_52647","pat","QL"
"broadPeak_52649","pat","QL"
"broadPeak_52666","pat","QL"
"narrowPeak_44367","pat","QL"
"broadPeak_52684","pat","QL"
"broadPeak_52687","pat","QL"
"broadPeak_52689","pat","QL"
"narrowPeak_44391","pat","QL"
"broadPeak_52697","pat","QL"
"broadPeak_52722","pat","QL"
"broadPeak_52771","pat","QL"
"broadPeak_52904","pat","QL"
"broadPeak_52934","pat","QL"
"broadPeak_53046","pat","QL"
"narrowPeak_44655","pat","QL"
"broadPeak_53075","pat","QL"
"narrowPeak_44669","pat","QL"
"narrowPeak_44682","pat","QL"
"broadPeak_53246","pat","QL"
"broadPeak_53342","pat","QL"
"broadPeak_53406","pat","QL"
"broadPeak_53419","pat","QL"
"broadPeak_53534","pat","QL"
"broadPeak_53645","pat","QL"
"narrowPeak_44963","pat","QL"
"broadPeak_53653","pat","QL"
"broadPeak_53802","pat","QL"
"broadPeak_53828","pat","QL"
"broadPeak_53830","pat","QL"
"narrowPeak_45153","pat","QL"
"narrowPeak_45155","pat","QL"
"broadPeak_53839","pat","QL"
"broadPeak_53843","pat","QL"
"narrowPeak_45176","pat","QL"
"broadPeak_53863","pat","QL"
"narrowPeak_45205","pat","QL"
"broadPeak_53874","pat","QL"
"narrowPeak_45219","pat","QL"
"narrowPeak_45239","pat","QL"
"narrowPeak_45240","pat","QL"
"narrowPeak_45242","pat","QL"
"broadPeak_53910","pat","QL"
"broadPeak_53999","pat","QL"
"broadPeak_54004","pat","QL"
"broadPeak_54075","pat","QL"
"broadPeak_54083","pat","QL"
"broadPeak_54222","pat","QL"
"broadPeak_54293","pat","QL"
"narrowPeak_45483","pat","QL"
"broadPeak_54397","pat","QL"
"broadPeak_54423","pat","QL"
"broadPeak_54469","pat","QL"
"broadPeak_54479","pat","QL"
"broadPeak_54482","pat","QL"
"narrowPeak_45712","pat","QL"
"broadPeak_54649","pat","QL"
"narrowPeak_45744","pat","QL"
"broadPeak_54685","pat","QL"
"narrowPeak_45769","pat","QL"
"broadPeak_54701","pat","QL"
"broadPeak_54725","pat","QL"
"broadPeak_5250","Lineage A","WL"
"broadPeak_5336","Lineage A","WL"
"broadPeak_11314","Lineage A","WL"
"broadPeak_27807","Lineage A","WL"
"broadPeak_31233","Lineage A","WL"
"broadPeak_5571","Lineage A","QL"
"broadPeak_21234","Lineage A","QL"
"broadPeak_45935","Lineage A","QL"
"broadPeak_856","Lineage A","WL"
"broadPeak_14395","Lineage A","WL"
"broadPeak_25643","Lineage A","WL"
"broadPeak_32717","Lineage A","WL"
"broadPeak_36290","Lineage A","WL"
"broadPeak_64","Lineage B","QL"
"broadPeak_2891","Lineage B","QL"
"broadPeak_4296","Lineage B","QL"
"broadPeak_10495","Lineage B","QL"
"broadPeak_31445","Lineage B","QL"
"broadPeak_44766","Lineage B","QL"
"broadPeak_45411","Lineage B","QL"
"narrowPeak_41382","Lineage B","QL"
"broadPeak_50921","Lineage B","QL"
